Date,Aircraft,Origin,Destination,Takoff,Landing,Duration,Gate Departure,Gate Arrival,Schedule_gd,Scheduled_ga,Is Weekend,Is Holiday,Delay (min),Is Delayed,dep_Blowing Snow,arr_Blowing Snow,dep_Clear,arr_Clear,dep_Cloudy,arr_Cloudy,dep_Drizzle,arr_Drizzle,dep_Fog,arr_Fog,dep_Freezing Drizzle,arr_Freezing Drizzle,dep_Freezing Fog,arr_Freezing Fog,dep_Mainly Clear,arr_Mainly Clear,dep_Moderate Rain,arr_Moderate Rain,dep_Moderate Snow,arr_Moderate Snow,dep_Mostly Cloudy,arr_Mostly Cloudy,dep_Rain,arr_Rain,dep_Rain Showers,arr_Rain Showers,dep_Snow,arr_Snow,dep_Snow Grains,arr_Snow Grains,dep_Snow Showers,arr_Snow Showers
2025-02-10,A321,St. John's Int'l (CYYT),Toronto Pearson Int'l (CYYZ),05:35PM NST,07:38PM EST,Cancelled,,,,,0,0,0,0,1,1,0,0,0,0,0,0,0,0,0,0,0,0,0,0,0,0,0,0,0,0,0,0,0,0,1,1,0,0,0,0
2025-02-08,A319,St. John's Int'l (CYYT),Toronto Pearson Int'l (CYYZ),08:02PM NST,10:22PM EST,3:50:00,07:40PM NST,10:34PM EST,05:25PM NST,07:48PM EST,1,0,166,0,0,0,1,1,0,0,0,0,0,0,0,0,0,0,0,0,0,0,0,0,0,0,0,0,0,0,0,0,0,0,0,0
2025-02-07,A319,St. John's Int'l (CYYT),Toronto Pearson Int'l (CYYZ),07:43PM NST,09:22PM EST,3:09:00,07:31PM NST,09:50PM EST,05:25PM NST,07:48PM EST,0,0,122,0,0,0,0,0,1,1,0,0,0,0,0,0,0,0,0,0,0,0,0,0,0,0,0,0,0,0,0,0,0,0,0,0
2025-02-06,A319,St. John's Int'l (CYYT),Toronto Pearson Int'l (CYYZ),06:08PM NST,07:52PM EST,3:14:00,05:41PM NST,08:03PM EST,05:25PM NST,07:48PM EST,0,0,15,0,0,0,0,0,0,0,0,0,0,0,0,0,0,0,0,0,0,0,0,0,0,0,0,0,0,0,1,1,0,0,0,0
2025-02-05,A320,St. John's Int'l (CYYT),Toronto Pearson Int'l (CYYZ),06:15PM NST,08:01PM EST,3:15:00,05:45PM NST,08:09PM EST,05:25PM NST,07:48PM EST,0,0,21,0,1,1,0,0,0,0,0,0,0,0,0,0,0,0,0,0,0,0,0,0,0,0,0,0,0,0,1,1,0,0,0,0
2025-02-03,A320,St. John's Int'l (CYYT),Toronto Pearson Int'l (CYYZ),05:35PM NST,07:38PM EST,Cancelled,,,,,0,0,0,0,0,0,0,0,0,0,0,0,0,0,0,0,0,0,0,0,0,0,0,0,0,0,0,0,0,0,1,1,0,0,0,0
2025-02-01,BCS3,St. John's Int'l (CYYT),Toronto Pearson Int'l (CYYZ),06:09PM NST,08:04PM EST,3:25:00,05:57PM NST,08:14PM EST,05:25PM NST,07:48PM EST,1,0,26,0,0,0,0,0,1,1,0,0,0,0,0,0,0,0,0,0,0,0,0,0,0,0,0,0,0,0,0,0,0,0,0,0
2025-01-31,A319,St. John's Int'l (CYYT),Toronto Pearson Int'l (CYYZ),05:47PM NST,07:54PM EST,3:37:00,05:23PM NST,08:00PM EST,05:25PM NST,07:48PM EST,0,0,12,0,0,0,0,0,1,1,0,0,0,0,0,0,0,0,0,0,0,0,0,0,0,0,0,0,0,0,0,0,0,0,0,0
2025-01-30,A321,St. John's Int'l (CYYT),Toronto Pearson Int'l (CYYZ),06:08PM NST,08:01PM EST,3:22:00,05:31PM NST,08:09PM EST,05:25PM NST,07:48PM EST,0,0,21,0,0,0,0,0,0,0,0,0,0,0,0,0,0,0,0,0,0,0,0,0,0,0,0,0,0,0,1,1,0,0,0,0
2025-01-29,A320,St. John's Int'l (CYYT),Toronto Pearson Int'l (CYYZ),06:55PM NST,08:38PM EST,3:13:00,06:43PM NST,08:49PM EST,05:25PM NST,07:48PM EST,0,0,61,0,0,0,0,0,1,1,0,0,0,0,0,0,0,0,0,0,0,0,0,0,0,0,0,0,0,0,0,0,0,0,0,0
2025-01-28,A319,St. John's Int'l (CYYT),Toronto Pearson Int'l (CYYZ),06:14PM NST,08:25PM EST,3:41:00,05:43PM NST,08:41PM EST,05:25PM NST,07:48PM EST,0,0,53,0,0,0,0,0,0,0,0,0,1,1,0,0,0,0,0,0,0,0,0,0,0,0,1,1,0,0,0,0,0,0,0,0
2025-01-27,A320,St. John's Int'l (CYYT),Toronto Pearson Int'l (CYYZ),05:42PM NST,07:35PM EST,3:23:00,05:16PM NST,07:45PM EST,05:25PM NST,07:48PM EST,0,0,-3,0,0,0,1,1,0,0,0,0,0,0,0,0,0,0,0,0,0,0,0,0,0,0,0,0,0,0,0,0,0,0,0,0
2025-01-25,A319,St. John's Int'l (CYYT),Toronto Pearson Int'l (CYYZ),05:19PM NST,06:41PM EST,2:52:00,05:09PM NST,06:49PM EST,05:25PM NST,07:48PM EST,1,0,-59,0,0,0,1,1,0,0,0,0,0,0,0,0,0,0,0,0,0,0,0,0,0,0,0,0,0,0,0,0,0,0,0,0
2025-01-24,A319,St. John's Int'l (CYYT),Toronto Pearson Int'l (CYYZ),05:43PM NST,07:24PM EST,3:10:00,05:13PM NST,07:31PM EST,05:25PM NST,07:48PM EST,0,0,-17,0,0,0,1,1,0,0,0,0,0,0,0,0,0,0,0,0,0,0,0,0,0,0,0,0,0,0,0,0,0,0,0,0
2025-01-23,A319,St. John's Int'l (CYYT),Toronto Pearson Int'l (CYYZ),06:17PM NST,08:01PM EST,3:14:00,06:03PM NST,08:11PM EST,05:25PM NST,07:48PM EST,0,0,23,0,0,0,0,0,1,1,0,0,0,0,0,0,0,0,0,0,0,0,0,0,0,0,0,0,0,0,0,0,0,0,0,0
2025-01-22,A319,St. John's Int'l (CYYT),Toronto Pearson Int'l (CYYZ),05:53PM NST,07:44PM EST,3:21:00,05:31PM NST,07:52PM EST,05:25PM NST,07:48PM EST,0,0,4,0,0,0,0,0,1,1,0,0,0,0,0,0,0,0,0,0,0,0,0,0,0,0,0,0,0,0,0,0,0,0,0,0
2025-01-21,A320,St. John's Int'l (CYYT),Toronto Pearson Int'l (CYYZ),05:24PM NST,07:19PM EST,3:25:00,05:12PM NST,07:29PM EST,05:25PM NST,07:48PM EST,0,0,-19,0,0,0,0,0,1,1,0,0,0,0,0,0,0,0,0,0,0,0,0,0,0,0,0,0,0,0,0,0,0,0,0,0
2025-01-20,A320,St. John's Int'l (CYYT),Toronto Pearson Int'l (CYYZ),05:30PM NST,07:19PM EST,3:19:00,05:17PM NST,07:36PM EST,05:25PM NST,07:48PM EST,0,0,-12,0,0,0,0,0,1,1,0,0,0,0,0,0,0,0,0,0,0,0,0,0,0,0,0,0,0,0,0,0,0,0,0,0
2025-01-18,A319,St. John's Int'l (CYYT),Toronto Pearson Int'l (CYYZ),05:41PM NST,07:26PM EST,3:14:00,05:16PM NST,07:35PM EST,05:25PM NST,07:48PM EST,1,0,-13,0,0,0,1,1,0,0,0,0,0,0,0,0,0,0,0,0,0,0,0,0,0,0,0,0,0,0,0,0,0,0,0,0
2025-01-17,A319,St. John's Int'l (CYYT),Toronto Pearson Int'l (CYYZ),06:15PM NST,07:49PM EST,3:03:00,05:48PM NST,07:56PM EST,05:25PM NST,07:48PM EST,0,0,8,0,0,0,0,0,1,1,0,0,0,0,0,0,0,0,0,0,0,0,0,0,0,0,0,0,0,0,0,0,0,0,0,0
2025-01-16,A319,St. John's Int'l (CYYT),Toronto Pearson Int'l (CYYZ),06:02PM NST,07:31PM EST,2:58:00,05:38PM NST,07:41PM EST,05:25PM NST,07:48PM EST,0,0,-7,0,0,0,0,0,1,1,0,0,0,0,0,0,0,0,0,0,0,0,0,0,0,0,0,0,0,0,0,0,0,0,0,0
2025-01-15,A319,St. John's Int'l (CYYT),Toronto Pearson Int'l (CYYZ),05:44PM NST,07:05PM EST,2:50:00,05:16PM NST,07:11PM EST,05:25PM NST,07:48PM EST,0,0,-37,0,0,0,0,0,1,1,0,0,0,0,0,0,0,0,0,0,0,0,0,0,0,0,0,0,0,0,0,0,0,0,0,0
2025-01-14,A320,St. John's Int'l (CYYT),Toronto Pearson Int'l (CYYZ),05:46PM NST,07:12PM EST,2:55:00,05:21PM NST,07:19PM EST,05:25PM NST,07:48PM EST,0,0,-29,0,0,0,0,0,1,1,0,0,0,0,0,0,0,0,0,0,0,0,0,0,0,0,0,0,0,0,0,0,0,0,0,0
2025-01-13,B38M,St. John's Int'l (CYYT),Toronto Pearson Int'l (CYYZ),05:35PM NST,07:38PM EST,Cancelled,,,,,0,0,0,0,0,0,0,0,0,0,0,0,0,0,0,0,0,0,0,0,0,0,0,0,0,0,0,0,0,0,1,1,0,0,0,0
2025-01-11,A319,St. John's Int'l (CYYT),Toronto Pearson Int'l (CYYZ),06:08PM NST,07:31PM EST,2:53:00,05:37PM NST,07:41PM EST,05:25PM NST,07:48PM EST,1,0,-7,0,0,0,0,0,0,0,0,0,0,0,0,0,0,0,0,0,0,0,0,0,0,0,0,0,0,0,1,1,0,0,0,0
2025-01-10,A319,St. John's Int'l (CYYT),Toronto Pearson Int'l (CYYZ),05:48PM NST,07:13PM EST,2:55:00,05:16PM NST,07:29PM EST,05:25PM NST,07:48PM EST,0,0,-19,0,0,0,0,0,0,0,0,0,1,1,0,0,0,0,0,0,0,0,0,0,0,0,1,1,0,0,0,0,0,0,0,0
2025-01-09,A320,St. John's Int'l (CYYT),Toronto Pearson Int'l (CYYZ),05:51PM NST,07:11PM EST,2:50:00,05:27PM NST,07:17PM EST,05:25PM NST,07:48PM EST,0,0,-31,0,0,0,0,0,1,1,0,0,0,0,0,0,0,0,0,0,0,0,0,0,0,0,0,0,0,0,0,0,0,0,0,0
2025-01-08,A319,St. John's Int'l (CYYT),Toronto Pearson Int'l (CYYZ),05:53PM NST,07:10PM EST,2:46:00,05:24PM NST,07:19PM EST,05:25PM NST,07:48PM EST,0,0,-29,0,0,0,0,0,0,0,0,0,0,0,0,0,0,0,0,0,0,0,0,0,0,0,0,0,0,0,1,1,0,0,0,0
2025-01-07,A319,St. John's Int'l (CYYT),Toronto Pearson Int'l (CYYZ),07:33PM NST,08:51PM EST,2:48:00,06:57PM NST,09:03PM EST,05:25PM NST,07:48PM EST,0,0,75,0,0,0,0,0,0,0,0,0,0,0,0,0,0,0,0,0,0,0,0,0,0,0,1,1,0,0,0,0,0,0,0,0
2025-01-06,A321,St. John's Int'l (CYYT),Toronto Pearson Int'l (CYYZ),06:22PM NST,07:58PM EST,3:05:00,05:49PM NST,08:10PM EST,05:25PM NST,07:48PM EST,0,0,22,0,0,0,0,0,0,0,0,0,1,1,0,0,0,0,0,0,0,0,0,0,0,0,1,1,0,0,0,0,0,0,0,0
2025-01-05,A321,St. John's Int'l (CYYT),Toronto Pearson Int'l (CYYZ),06:34PM NST,07:54PM EST,2:50:00,06:17PM NST,08:09PM EST,05:25PM NST,07:48PM EST,1,0,21,0,0,0,0,0,0,0,0,0,1,1,0,0,0,0,0,0,0,0,0,0,0,0,0,0,0,0,0,0,0,0,0,0
2025-01-04,A319,St. John's Int'l (CYYT),Toronto Pearson Int'l (CYYZ),05:58PM NST,07:27PM EST,2:59:00,05:35PM NST,07:35PM EST,05:25PM NST,07:48PM EST,1,0,-13,0,0,0,0,0,1,1,0,0,0,0,0,0,0,0,0,0,0,0,0,0,0,0,0,0,0,0,0,0,0,0,0,0
2025-01-03,A320,St. John's Int'l (CYYT),Toronto Pearson Int'l (CYYZ),05:43PM NST,07:07PM EST,2:54:00,05:14PM NST,07:33PM EST,05:25PM NST,07:48PM EST,0,0,-15,0,0,0,1,1,0,0,0,0,0,0,0,0,0,0,0,0,0,0,0,0,0,0,0,0,0,0,0,0,0,0,0,0
2025-01-02,A320,St. John's Int'l (CYYT),Toronto Pearson Int'l (CYYZ),06:16PM NST,07:38PM EST,2:52:00,06:05PM NST,07:45PM EST,05:25PM NST,07:48PM EST,0,0,-3,0,0,0,0,0,0,0,0,0,1,1,0,0,0,0,0,0,0,0,0,0,0,0,1,1,0,0,0,0,0,0,0,0
2025-01-01,A319,St. John's Int'l (CYYT),Toronto Pearson Int'l (CYYZ),05:41PM NST,07:07PM EST,2:56:00,05:22PM NST,07:15PM EST,05:25PM NST,07:48PM EST,0,1,-33,0,0,0,0,0,0,0,0,0,1,1,0,0,0,0,0,0,0,0,0,0,0,0,0,0,0,0,0,0,0,0,0,0
2024-12-31,A321,St. John's Int'l (CYYT),Toronto Pearson Int'l (CYYZ),06:02PM NST,07:45PM EST,3:12:00,05:36PM NST,07:54PM EST,05:25PM NST,07:48PM EST,0,0,6,0,0,0,0,0,0,0,0,0,1,1,0,0,0,0,0,0,0,0,0,0,0,0,0,0,0,0,0,0,0,0,0,0
2024-12-30,A319,St. John's Int'l (CYYT),Toronto Pearson Int'l (CYYZ),06:12PM NST,07:36PM EST,2:53:00,05:43PM NST,07:47PM EST,05:25PM NST,07:48PM EST,0,0,-1,0,0,0,0,0,0,0,0,0,1,1,0,0,0,0,0,0,0,0,0,0,0,0,0,0,0,0,0,0,0,0,0,0
2024-12-29,BCS3,St. John's Int'l (CYYT),Toronto Pearson Int'l (CYYZ),06:33PM NST,08:15PM EST,3:12:00,06:06PM NST,09:19PM EST,05:25PM NST,07:48PM EST,1,0,91,0,0,0,0,0,0,0,0,0,0,0,0,0,0,0,0,0,0,0,0,0,0,0,0,0,0,0,1,1,0,0,0,0
2024-12-28,A320,St. John's Int'l (CYYT),Toronto Pearson Int'l (CYYZ),05:34PM NST,07:24PM EST,3:19:00,05:22PM NST,07:31PM EST,05:25PM NST,07:48PM EST,1,0,-17,0,0,0,0,0,0,0,0,0,1,1,0,0,0,0,0,0,0,0,0,0,0,0,0,0,0,0,0,0,0,0,0,0
2024-12-27,A319,St. John's Int'l (CYYT),Toronto Pearson Int'l (CYYZ),07:04PM NST,08:42PM EST,3:07:00,06:40PM NST,09:14PM EST,05:25PM NST,07:48PM EST,0,0,86,0,0,0,0,0,0,0,0,0,1,1,0,0,0,0,0,0,0,0,0,0,0,0,0,0,0,0,0,0,0,0,0,0
2024-12-26,A319,St. John's Int'l (CYYT),Toronto Pearson Int'l (CYYZ),06:08PM NST,07:34PM EST,2:55:00,05:39PM NST,07:41PM EST,05:25PM NST,07:48PM EST,0,1,-7,0,0,0,0,0,0,0,0,0,1,1,0,0,0,0,0,0,0,0,0,0,0,0,1,1,0,0,0,0,0,0,0,0
2024-12-25,BCS3,St. John's Int'l (CYYT),Toronto Pearson Int'l (CYYZ),05:41PM NST,07:10PM EST,2:59:00,05:24PM NST,07:19PM EST,05:25PM NST,07:48PM EST,0,1,-29,0,0,0,0,0,1,1,0,0,0,0,0,0,0,0,0,0,0,0,0,0,0,0,0,0,0,0,0,0,0,0,0,0
2024-12-24,A319,St. John's Int'l (CYYT),Toronto Pearson Int'l (CYYZ),05:43PM NST,07:13PM EST,2:59:00,05:30PM NST,07:31PM EST,05:25PM NST,07:48PM EST,0,0,-17,0,0,0,0,0,1,1,0,0,0,0,0,0,0,0,0,0,0,0,0,0,0,0,0,0,0,0,0,0,0,0,0,0
2024-12-23,A319,St. John's Int'l (CYYT),Toronto Pearson Int'l (CYYZ),06:09PM NST,08:02PM EST,3:23:00,05:40PM NST,08:15PM EST,05:25PM NST,07:48PM EST,0,0,27,0,0,0,0,0,1,1,0,0,0,0,0,0,0,0,0,0,0,0,0,0,0,0,0,0,0,0,0,0,0,0,0,0
2024-12-22,A319,St. John's Int'l (CYYT),Toronto Pearson Int'l (CYYZ),06:13PM NST,07:43PM EST,3:00:00,05:29PM NST,07:53PM EST,05:25PM NST,07:48PM EST,1,0,5,0,0,0,0,0,0,0,0,0,0,0,0,0,0,0,0,0,0,0,0,0,0,0,0,0,0,0,1,1,0,0,0,0
2024-12-21,A319,St. John's Int'l (CYYT),Toronto Pearson Int'l (CYYZ),05:42PM NST,07:23PM EST,3:10:00,05:28PM NST,07:31PM EST,05:25PM NST,07:48PM EST,1,0,-17,0,0,0,0,0,0,0,0,0,1,1,0,0,0,0,0,0,0,0,0,0,0,0,1,1,0,0,0,0,0,0,0,0
2024-12-20,A320,St. John's Int'l (CYYT),Toronto Pearson Int'l (CYYZ),06:35PM NST,08:29PM EST,3:24:00,06:03PM NST,08:45PM EST,05:25PM NST,07:48PM EST,0,0,57,0,0,0,0,0,1,1,0,0,0,0,0,0,0,0,0,0,0,0,0,0,0,0,0,0,0,0,0,0,0,0,0,0
2024-12-19,A321,St. John's Int'l (CYYT),Toronto Pearson Int'l (CYYZ),09:51PM NST,11:51PM EST,3:29:00,09:33PM NST,12:00AM EST (+1),05:25PM NST,07:48PM EST,0,0,0,0,0,0,0,0,0,0,0,0,1,1,0,0,0,0,0,0,0,0,0,0,0,0,0,0,0,0,0,0,0,0,0,0
2024-12-18,A321,St. John's Int'l (CYYT),Toronto Pearson Int'l (CYYZ),05:58PM NST,07:53PM EST,3:25:00,05:46PM NST,08:00PM EST,05:25PM NST,07:48PM EST,0,0,12,0,0,0,0,0,1,1,0,0,0,0,0,0,0,0,0,0,0,0,0,0,0,0,0,0,0,0,0,0,0,0,0,0
2024-12-17,A321,St. John's Int'l (CYYT),Toronto Pearson Int'l (CYYZ),06:13PM NST,07:57PM EST,3:14:00,05:48PM NST,08:06PM EST,05:25PM NST,07:48PM EST,0,0,18,0,0,0,0,0,1,1,0,0,0,0,0,0,0,0,0,0,0,0,0,0,0,0,0,0,0,0,0,0,0,0,0,0
2024-12-16,A320,St. John's Int'l (CYYT),Toronto Pearson Int'l (CYYZ),05:35PM NST,07:38PM EST,Cancelled,,,,,0,0,0,0,0,0,0,0,1,1,0,0,0,0,0,0,0,0,0,0,0,0,0,0,0,0,0,0,0,0,0,0,0,0,0,0
2024-12-15,BCS3,St. John's Int'l (CYYT),Toronto Pearson Int'l (CYYZ),05:40PM NST,07:13PM EST,3:03:00,05:28PM NST,07:22PM EST,05:25PM NST,07:48PM EST,1,0,-26,0,0,0,1,1,0,0,0,0,0,0,0,0,0,0,0,0,0,0,0,0,0,0,0,0,0,0,0,0,0,0,0,0
2024-12-14,BCS3,St. John's Int'l (CYYT),Toronto Pearson Int'l (CYYZ),07:48PM NST,09:17PM EST,2:58:00,07:36PM NST,09:24PM EST,05:25PM NST,07:48PM EST,1,0,96,0,0,0,0,0,1,1,0,0,0,0,0,0,0,0,0,0,0,0,0,0,0,0,0,0,0,0,0,0,0,0,0,0
2024-12-13,BCS3,St. John's Int'l (CYYT),Toronto Pearson Int'l (CYYZ),06:13PM NST,07:59PM EST,3:15:00,06:00PM NST,08:06PM EST,05:25PM NST,07:48PM EST,0,0,18,0,0,0,0,0,1,1,0,0,0,0,0,0,0,0,0,0,0,0,0,0,0,0,0,0,0,0,0,0,0,0,0,0
2024-12-12,A319,St. John's Int'l (CYYT),Toronto Pearson Int'l (CYYZ),06:33PM NST,08:18PM EST,3:15:00,06:20PM NST,08:29PM EST,05:25PM NST,07:48PM EST,0,0,41,0,0,0,0,0,1,1,0,0,0,0,0,0,0,0,0,0,0,0,0,0,0,0,0,0,0,0,0,0,0,0,0,0
2024-12-11,A319,St. John's Int'l (CYYT),Toronto Pearson Int'l (CYYZ),05:30PM NST,07:22PM EST,3:22:00,05:19PM NST,07:31PM EST,05:25PM NST,07:48PM EST,0,0,-17,0,0,0,0,0,0,0,0,0,1,1,0,0,0,0,0,0,0,0,0,0,0,0,0,0,0,0,0,0,0,0,0,0
2024-12-10,A320,St. John's Int'l (CYYT),Toronto Pearson Int'l (CYYZ),06:04PM NST,07:55PM EST,3:20:00,05:40PM NST,08:07PM EST,05:25PM NST,07:48PM EST,0,0,19,0,0,0,1,1,0,0,0,0,0,0,0,0,0,0,0,0,0,0,0,0,0,0,0,0,0,0,0,0,0,0,0,0
2024-12-09,A320,St. John's Int'l (CYYT),Toronto Pearson Int'l (CYYZ),05:37PM NST,07:28PM EST,3:21:00,05:24PM NST,07:36PM EST,05:25PM NST,07:48PM EST,0,0,-12,0,0,0,0,0,1,1,0,0,0,0,0,0,0,0,0,0,0,0,0,0,0,0,0,0,0,0,0,0,0,0,0,0
2024-12-08,A319,St. John's Int'l (CYYT),Toronto Pearson Int'l (CYYZ),06:14PM NST,07:57PM EST,3:12:00,05:44PM NST,08:05PM EST,05:25PM NST,07:48PM EST,1,0,17,0,0,0,0,0,1,1,0,0,0,0,0,0,0,0,0,0,0,0,0,0,0,0,0,0,0,0,0,0,0,0,0,0
2024-12-07,A319,St. John's Int'l (CYYT),Toronto Pearson Int'l (CYYZ),06:05PM NST,07:52PM EST,3:17:00,05:37PM NST,08:03PM EST,05:25PM NST,07:48PM EST,1,0,15,0,0,0,1,1,0,0,0,0,0,0,0,0,0,0,0,0,0,0,0,0,0,0,0,0,0,0,0,0,0,0,0,0
2024-12-06,A319,St. John's Int'l (CYYT),Toronto Pearson Int'l (CYYZ),07:43PM NST,09:22PM EST,3:09:00,07:32PM NST,09:32PM EST,05:25PM NST,07:48PM EST,0,0,104,0,0,0,0,0,0,0,0,0,0,0,0,0,0,0,0,0,0,0,0,0,0,0,1,1,0,0,0,0,0,0,0,0
2024-12-05,A319,St. John's Int'l (CYYT),Toronto Pearson Int'l (CYYZ),05:40PM NST,07:25PM EST,3:14:00,05:23PM NST,07:38PM EST,05:25PM NST,07:48PM EST,0,0,-10,0,0,0,0,0,1,1,0,0,0,0,0,0,0,0,0,0,0,0,0,0,0,0,0,0,0,0,0,0,0,0,0,0
2024-12-04,A319,St. John's Int'l (CYYT),Toronto Pearson Int'l (CYYZ),06:13PM NST,08:22PM EST,3:38:00,05:45PM NST,08:37PM EST,05:25PM NST,07:48PM EST,0,0,49,0,0,0,0,0,1,1,0,0,0,0,0,0,0,0,0,0,0,0,0,0,0,0,0,0,0,0,0,0,0,0,0,0
2024-12-03,A319,St. John's Int'l (CYYT),Toronto Pearson Int'l (CYYZ),07:31PM NST,08:52PM EST,2:50:00,07:11PM NST,09:07PM EST,05:25PM NST,07:48PM EST,0,0,79,0,0,0,0,0,1,1,0,0,0,0,0,0,0,0,0,0,0,0,0,0,0,0,0,0,0,0,0,0,0,0,0,0
2024-12-02,BCS3,St. John's Int'l (CYYT),Toronto Pearson Int'l (CYYZ),05:40PM NST,07:15PM EST,3:05:00,05:27PM NST,07:25PM EST,05:25PM NST,07:48PM EST,0,0,-23,0,0,0,0,0,1,1,0,0,0,0,0,0,0,0,0,0,0,0,0,0,0,0,0,0,0,0,0,0,0,0,0,0
2024-12-01,A319,St. John's Int'l (CYYT),Toronto Pearson Int'l (CYYZ),05:26PM NST,07:04PM EST,3:08:00,05:15PM NST,07:11PM EST,05:25PM NST,07:48PM EST,1,0,-37,0,0,0,1,1,0,0,0,0,0,0,0,0,0,0,0,0,0,0,0,0,0,0,0,0,0,0,0,0,0,0,0,0
2024-11-30,A319,St. John's Int'l (CYYT),Toronto Pearson Int'l (CYYZ),05:28PM NST,07:07PM EST,3:08:00,05:16PM NST,07:13PM EST,05:25PM NST,07:48PM EST,1,0,-35,0,0,0,0,0,0,0,0,0,0,0,0,0,0,0,0,0,0,0,0,0,0,0,1,1,0,0,0,0,0,0,0,0
2024-11-29,A321,St. John's Int'l (CYYT),Toronto Pearson Int'l (CYYZ),06:12PM NST,07:50PM EST,3:07:00,05:45PM NST,07:59PM EST,05:25PM NST,07:48PM EST,0,0,11,0,0,0,0,0,0,0,0,0,1,1,0,0,0,0,0,0,0,0,0,0,0,0,1,1,0,0,0,0,0,0,0,0
2024-11-28,A319,St. John's Int'l (CYYT),Toronto Pearson Int'l (CYYZ),05:30PM NST,07:22PM EST,3:22:00,05:18PM NST,07:39PM EST,05:25PM NST,07:48PM EST,0,0,-9,0,0,0,0,0,1,1,0,0,0,0,0,0,0,0,0,0,0,0,0,0,0,0,0,0,0,0,0,0,0,0,0,0
2024-11-27,A319,St. John's Int'l (CYYT),Toronto Pearson Int'l (CYYZ),05:39PM NST,07:18PM EST,3:09:00,05:21PM NST,07:27PM EST,05:25PM NST,07:48PM EST,0,0,-21,0,0,0,0,0,0,0,0,0,0,0,0,0,0,0,0,0,0,0,0,0,0,0,0,0,0,0,0,0,0,0,0,0
2024-11-26,A320,St. John's Int'l (CYYT),Toronto Pearson Int'l (CYYZ),05:42PM NST,07:18PM EST,3:05:00,05:28PM NST,07:27PM EST,05:25PM NST,07:48PM EST,0,0,-21,0,0,0,0,0,0,0,0,0,1,1,0,0,0,0,0,0,0,0,0,0,0,0,1,1,0,0,0,0,0,0,0,0
2024-11-25,A321,St. John's Int'l (CYYT),Toronto Pearson Int'l (CYYZ),06:10PM NST,07:39PM EST,2:59:00,05:57PM NST,07:48PM EST,05:25PM NST,07:48PM EST,0,0,0,0,0,0,0,0,1,1,0,0,0,0,0,0,0,0,0,0,0,0,0,0,0,0,0,0,0,0,0,0,0,0,0,0
2024-11-24,A320,St. John's Int'l (CYYT),Toronto Pearson Int'l (CYYZ),05:23PM NST,06:46PM EST,2:52:00,05:12PM NST,06:53PM EST,05:25PM NST,07:48PM EST,1,0,-55,0,0,0,0,0,0,0,0,0,0,0,0,0,0,0,0,0,0,0,0,0,0,0,1,1,0,0,0,0,0,0,0,0
2024-11-23,A319,St. John's Int'l (CYYT),Toronto Pearson Int'l (CYYZ),05:30PM NST,06:48PM EST,2:48:00,05:18PM NST,06:57PM EST,05:25PM NST,07:48PM EST,1,0,-51,0,0,0,0,0,0,0,0,0,1,1,0,0,0,0,0,0,0,0,0,0,0,0,1,1,0,0,0,0,0,0,0,0
2024-11-22,A319,St. John's Int'l (CYYT),Toronto Pearson Int'l (CYYZ),05:43PM NST,07:07PM EST,2:53:00,05:29PM NST,07:22PM EST,05:25PM NST,07:48PM EST,0,0,-26,0,0,0,0,0,0,0,0,0,1,1,0,0,0,0,0,0,0,0,0,0,0,0,0,0,0,0,0,0,0,0,0,0
2024-11-21,A319,St. John's Int'l (CYYT),Toronto Pearson Int'l (CYYZ),05:50PM NST,07:12PM EST,2:51:00,05:26PM NST,07:18PM EST,05:25PM NST,07:48PM EST,0,0,-30,0,0,0,0,0,0,0,0,0,1,1,0,0,0,0,0,0,0,0,0,0,0,0,0,0,0,0,0,0,0,0,0,0
2024-11-20,A319,St. John's Int'l (CYYT),Toronto Pearson Int'l (CYYZ),05:40PM NST,07:09PM EST,2:58:00,05:23PM NST,07:17PM EST,05:25PM NST,07:48PM EST,0,0,-31,0,0,0,0,0,0,0,0,0,1,1,0,0,0,0,0,0,0,0,0,0,0,0,1,1,0,0,0,0,0,0,0,0
2024-11-19,A319,St. John's Int'l (CYYT),Toronto Pearson Int'l (CYYZ),05:22PM NST,06:44PM EST,2:52:00,05:12PM NST,06:52PM EST,05:25PM NST,07:48PM EST,0,0,-56,0,0,0,0,0,0,0,0,0,1,1,0,0,0,0,0,0,0,0,0,0,0,0,0,0,0,0,0,0,0,0,0,0
2024-11-17,A319,St. John's Int'l (CYYT),Toronto Pearson Int'l (CYYZ),05:49PM NST,07:27PM EST,3:08:00,05:28PM NST,07:37PM EST,05:25PM NST,07:48PM EST,1,0,-11,0,0,0,0,0,0,0,0,0,1,1,0,0,0,0,0,0,0,0,0,0,0,0,0,0,0,0,0,0,0,0,0,0
2024-11-16,A319,St. John's Int'l (CYYT),Toronto Pearson Int'l (CYYZ),05:45PM NST,07:09PM EST,2:53:00,05:25PM NST,07:16PM EST,05:25PM NST,07:48PM EST,1,0,-32,0,0,0,0,0,0,0,0,0,1,1,0,0,0,0,0,0,0,0,0,0,0,0,0,0,0,0,0,0,0,0,0,0
2024-11-15,A319,St. John's Int'l (CYYT),Toronto Pearson Int'l (CYYZ),07:23PM NST,08:36PM EST,2:43:00,07:00PM NST,08:42PM EST,05:25PM NST,07:48PM EST,0,0,54,0,0,0,0,0,0,0,0,0,1,1,0,0,0,0,0,0,0,0,0,0,0,0,0,0,0,0,0,0,0,0,0,0
2024-11-14,A321,St. John's Int'l (CYYT),Toronto Pearson Int'l (CYYZ),06:03PM NST,07:23PM EST,2:50:00,05:37PM NST,07:31PM EST,05:25PM NST,07:48PM EST,0,0,-17,0,0,0,0,0,0,0,0,0,1,1,0,0,0,0,0,0,0,0,0,0,0,0,1,1,0,0,0,0,0,0,0,0
2024-11-13,A319,St. John's Int'l (CYYT),Toronto Pearson Int'l (CYYZ),05:37PM NST,07:06PM EST,2:59:00,05:25PM NST,07:14PM EST,05:25PM NST,07:48PM EST,0,0,-34,0,0,0,0,0,0,0,0,0,0,0,0,0,0,0,0,0,0,0,0,0,0,0,1,1,0,0,0,0,0,0,0,0
2024-11-12,A319,St. John's Int'l (CYYT),Toronto Pearson Int'l (CYYZ),05:37PM NST,07:06PM EST,2:58:00,05:25PM NST,07:16PM EST,05:25PM NST,07:48PM EST,0,0,-32,0,0,0,0,0,0,0,0,0,1,1,0,0,0,0,0,0,0,0,0,0,0,0,1,1,0,0,0,0,0,0,0,0
2024-11-11,A319,St. John's Int'l (CYYT),Toronto Pearson Int'l (CYYZ),06:04PM NST,07:49PM EST,3:15:00,05:31PM NST,07:58PM EST,05:25PM NST,07:48PM EST,0,0,10,0,0,0,0,0,1,1,0,0,0,0,0,0,0,0,0,0,0,0,0,0,0,0,0,0,0,0,0,0,0,0,0,0
2024-11-10,BCS3,St. John's Int'l (CYYT),Toronto Pearson Int'l (CYYZ),07:33PM NST,09:19PM EST,3:15:00,07:20PM NST,09:29PM EST,05:25PM NST,07:48PM EST,1,0,101,0,0,0,1,1,0,0,0,0,0,0,0,0,0,0,0,0,0,0,0,0,0,0,0,0,0,0,0,0,0,0,0,0
